step_index,t_report,forward_eval_mean_sec,forward_eval_std_sec,backward_eval_mean_sec,total_eval_mean_sec
1,86400.000000000,0.014709,0.029216,3.032017,3.046726
2,432000.000000000,0.021991,0.043657,3.032017,3.054007
