step_index,t_report,forward_eval_mean_sec,backward_eval_mean_sec,total_eval_mean_sec
1,86400.000000000,0.001827,0.248400,0.250227
2,432000.000000000,0.000171,0.248400,0.248571
