step_index,t_report,forward_eval_mean_sec,forward_eval_std_sec,backward_eval_mean_sec,total_eval_mean_sec
1,86400.000000000,0.001828,0.003434,0.256278,0.258106
2,432000.000000000,0.000176,0.000012,0.256278,0.256454
