step_index,t_report,forward_eval_mean_sec,backward_eval_mean_sec,total_eval_mean_sec
1,86400.000000000,0.001774,0.254340,0.256114
2,432000.000000000,0.000186,0.254340,0.254527
